Alexandria,https://www.tripadvisor.com/Tourism-g295398-Alexandria_Alexandria_Governorate-Vacations.html
Aswan,https://www.tripadvisor.com/Tourism-g294204-Aswan_Aswan_Governorate_Nile_River_Valley-Vacations.html
Temple of Edfu,https://www.tripadvisor.com/AttractionProductReview-g294204-d15567208-Edfu_Temple-Aswan_Aswan_Governorate_Nile_River_Valley.html
Sharm El Sheikh,https://www.tripadvisor.com/Tourism-g297555-Sharm_El_Sheikh_South_Sinai_Red_Sea_and_Sinai-Vacations.html
Dahab,https://www.tripadvisor.com/Tourism-g297547-Dahab_South_Sinai_Red_Sea_and_Sinai-Vacations.html
Red Sea Mountains,https://www.tripadvisor.com/Tourism-g297545-Red_Sea_and_Sinai-Vacations.html
Wadi El Natrun,https://www.tripadvisor.com/Tourism-g3689534-Wadi_El_Natrun_Beheira_Governorate-Vacations.html
El-Gouna,https://www.tripadvisor.com/Tourism-g297548-El_Gouna_Hurghada_Red_Sea_and_Sinai-Vacations.html
El-Quseir,https://www.tripadvisor.com/Tourism-g488096-El_Quseir_Marsa_Alam_Red_Sea_and_Sinai-Vacations.html
Cappadocia,https://www.tripadvisor.com/Tourism-g297980-Cappadocia-Vacations.html
Amasra,https://www.tripadvisor.com/Tourism-g673823-Amasra_Bartin_Province_Turkish_Black_Sea_Coast-Vacations.html
Koh Lanta,https://www.tripadvisor.com/Tourism-g303905-Ko_Lanta_Krabi_Province-Vacations.html
